state,county,datetime,year,week
Arizona,La Paz,2023-02-06 05:09:00,2023,6
Arizona,Santa Cruz,2023-03-05 21:53:00,2023,10
Arizona,Yuma,2023-03-20 01:46:00,2023,12
Arizona,Pima,2023-03-12 20:06:00,2023,11
Arizona,Santa Cruz,2023-03-21 20:05:10,2023,12
Arizona,Pima,2023-02-12 14:05:00,2023,7
Arizona,Cochise,2023-04-03 20:07:00,2023,14
Arizona,Pima,2023-03-27 17:30:00,2023,13
Arizona,Pima,2023-04-06 16:39:00,2023,14
Arizona,Santa Cruz,2023-04-10 01:44:00,2023,15
Arizona,Pima,2023-02-05 22:09:00,2023,6
Arizona,Pima,2023-04-19 20:10:00,2023,16
Arizona,Cochise,2023-03-26 17:23:00,2023,13
Arizona,Cochise,2023-03-14 22:33:00,2023,11
Arizona,Cochise,2023-04-14 20:59:00,2023,15
Arizona,Santa Cruz,2023-03-14 21:49:00,2023,11
Arizona,Pima,2023-04-08 19:59:00,2023,14
Arizona,Cochise,2023-01-31 21:36:00,2023,5
Arizona,Cochise,2023-05-03 17:33:00,2023,18
Arizona,Mohave,2023-05-02 17:56:36,2023,18
Arizona,Maricopa,2023-04-23 18:09:00,2023,17
Arizona,Maricopa,2023-05-14 17:32:56,2023,20
Arizona,Pima,2023-04-30 21:45:00,2023,18
Arizona,Maricopa,2023-05-07 20:25:00,2023,19
Arizona,Maricopa,2023-05-28 18:20:27,2023,22
Arizona,Maricopa,2023-05-30 19:59:36,2023,22
Arizona,Gila,2023-05-23 13:55:21,2023,21
Arizona,Gila,2023-05-26 21:53:05,2023,21
Arizona,Gila,2023-06-02 01:16:00,2023,22
Arizona,Gila,2023-05-29 23:52:12,2023,22
Arizona,Gila,2023-04-05 18:48:00,2023,14
Arizona,Graham,2023-06-15 23:09:41,2023,24
Arizona,Gila,2023-05-24 19:13:00,2023,21
Arizona,Maricopa,2023-06-04 21:15:00,2023,23
Arizona,Mohave,2023-02-25 23:13:00,2023,8
Arizona,Coconino,2023-06-04 16:08:06,2023,23
Arizona,Pima,2023-06-16 19:53:00,2023,24
Arizona,Santa Cruz,2023-05-17 15:16:00,2023,20
Arizona,Maricopa,2023-06-27 23:49:00,2023,26
Arizona,Coconino,2023-05-13 10:25:00,2023,19
Arizona,Gila,2023-06-25 23:39:00,2023,26
Arizona,Gila,2023-07-08 01:02:12,2023,27
Arizona,Maricopa,2023-07-05 03:36:00,2023,27
Arizona,Pinal,2023-07-03 16:00:56,2023,27
Arizona,Mohave,2023-07-06 17:59:01,2023,27
Arizona,Coconino,2023-06-25 01:56:00,2023,26
Arizona,Coconino,2023-06-30 20:37:44,2023,26
Arizona,Coconino,2023-06-01 20:51:26,2023,22
Arizona,Santa Cruz,2023-06-11 04:45:00,2023,24
Arizona,Maricopa,2023-06-22 06:54:55,2023,25
Arizona,Yavapai,2023-07-08 21:58:00,2023,27
Arizona,Gila,2023-07-14 14:54:23,2023,28
Arizona,Graham,2023-07-12 20:08:00,2023,28
Arizona,Graham,2023-07-15 22:28:00,2023,28
Arizona,Graham,2023-07-15 15:53:08,2023,28
Arizona,Gila,2023-07-13 20:01:28,2023,28
Arizona,Gila,2023-07-02 21:53:31,2023,27
Arizona,Graham,2023-07-17 23:28:45,2023,29
Arizona,Gila,2023-07-18 19:33:00,2023,29
Arizona,Cochise,2023-06-28 22:41:00,2023,26
Arizona,Gila,2023-07-13 21:39:03,2023,28
Arizona,Cochise,2023-04-03 18:42:00,2023,14
Arizona,Cochise,2023-07-22 17:10:00,2023,29
Arizona,Cochise,2023-04-23 19:00:00,2023,17
Arizona,Cochise,2023-03-29 20:33:00,2023,13
Arizona,Cochise,2023-06-16 21:58:45,2023,24
Arizona,Cochise,2023-07-07 23:04:00,2023,27
Arizona,Cochise,2023-07-04 02:18:00,2023,27
Arizona,Cochise,2023-07-03 14:56:00,2023,27
Arizona,Graham,2023-07-15 19:52:00,2023,28
Arizona,Cochise,2023-06-24 20:18:00,2023,25
Arizona,Cochise,2023-05-05 23:13:00,2023,18
Arizona,Graham,2023-07-12 00:07:00,2023,28
Arizona,Pinal,2023-05-09 18:00:54,2023,19
Arizona,Pinal,2023-07-21 02:53:00,2023,29
Arizona,Pinal,2023-06-25 20:38:00,2023,26
Arizona,Pinal,2023-04-23 00:28:49,2023,17
Arizona,Gila,2023-07-23 00:33:00,2023,30
Arizona,Cochise,2023-07-16 17:01:00,2023,29
Arizona,Gila,2023-07-25 00:20:57,2023,30
Arizona,Coconino,2023-07-28 21:22:46,2023,30
Arizona,Pinal,2023-07-18 13:22:00,2023,29
Arizona,Pinal,2023-04-13 22:42:35,2023,15
Arizona,Santa Cruz,2023-07-11 01:41:00,2023,28
Arizona,Santa Cruz,2023-07-05 15:01:00,2023,27
Arizona,Santa Cruz,2023-07-01 01:20:00,2023,26
Arizona,Santa Cruz,2023-06-30 18:57:00,2023,26
Arizona,Pima,2023-07-16 14:45:00,2023,29
Arizona,Yavapai,2023-04-13 19:51:00,2023,15
Arizona,Pima,2023-06-20 09:18:00,2023,25
Arizona,Graham,2023-07-29 20:00:00,2023,30
Arizona,Pima,2023-05-02 21:39:54,2023,18
Arizona,Santa Cruz,2023-07-24 23:01:00,2023,30
Arizona,Graham,2023-07-29 01:02:13,2023,30
Arizona,Cochise,2023-07-19 22:56:00,2023,29
Arizona,Cochise,2023-07-19 23:34:00,2023,29
Arizona,Cochise,2023-06-19 22:31:00,2023,25
Arizona,Pinal,2023-07-24 02:10:00,2023,30
Arizona,Cochise,2023-07-19 20:32:00,2023,29
Arizona,Cochise,2023-07-08 23:56:00,2023,27
Arizona,Graham,2023-07-11 22:46:00,2023,28
Arizona,Pima,2023-07-18 01:31:00,2023,29
Arizona,Pima,2023-07-23 17:36:00,2023,30
Arizona,Cochise,2023-06-22 19:51:00,2023,25
Arizona,Graham,2023-07-11 23:12:00,2023,28
Arizona,Pinal,2023-06-18 21:55:00,2023,25
Arizona,Cochise,2023-06-14 15:19:00,2023,24
Arizona,Cochise,2023-06-01 18:23:00,2023,22
Arizona,Cochise,2023-04-29 00:56:00,2023,17
Arizona,Pinal,2023-05-08 20:13:00,2023,19
Arizona,Pinal,2023-05-04 19:51:00,2023,18
Arizona,Apache,2023-06-29 23:18:38,2023,26
Arizona,Santa Cruz,2023-06-27 00:24:00,2023,26
Arizona,Yavapai,2023-06-08 22:10:00,2023,23
Arizona,Gila,2023-08-06 21:35:00,2023,32
Arizona,Apache,2023-07-07 21:55:03,2023,27
Arizona,Cochise,2023-07-27 17:41:23,2023,30
Arizona,Maricopa,2023-08-07 22:43:35,2023,32
Arizona,Maricopa,2023-07-23 20:07:17,2023,30
Arizona,Mohave,2023-07-04 22:33:00,2023,27
Arizona,Coconino,2023-08-01 22:07:12,2023,31
Arizona,Yavapai,2023-07-01 18:04:00,2023,26
Arizona,Graham,2023-08-13 17:56:49,2023,33
Arizona,Navajo,2023-08-01 19:30:41,2023,31
Arizona,Navajo,2023-08-01 19:22:08,2023,31
Arizona,Navajo,2023-08-01 19:17:45,2023,31
Arizona,Mohave,2023-07-13 21:21:27,2023,28
Arizona,Mohave,2023-07-22 00:46:00,2023,29
Arizona,Mohave,2023-07-16 01:30:00,2023,29
Arizona,Mohave,2023-07-19 03:09:16,2023,29
Arizona,Yuma,2023-07-05 03:25:00,2023,27
Arizona,Mohave,2023-07-30 01:08:48,2023,31
Arizona,Mohave,2023-06-16 22:51:51,2023,24
Arizona,Yuma,2023-06-29 18:02:00,2023,26
Arizona,Pima,2023-07-20 00:32:00,2023,29
Arizona,Mohave,2023-05-22 22:35:00,2023,21
Arizona,Gila,2023-07-24 23:33:15,2023,30
Arizona,Gila,2023-07-22 18:51:33,2023,29
Arizona,Gila,2023-07-22 23:57:00,2023,29
Arizona,Gila,2023-08-16 19:17:59,2023,33
Arizona,Apache,2023-07-26 16:56:14,2023,30
Arizona,Pima,2023-08-11 16:31:13,2023,32
Arizona,Greenlee,2023-07-27 19:14:34,2023,30
Arizona,Apache,2023-07-22 23:04:44,2023,29
Arizona,Greenlee,2023-07-27 18:16:52,2023,30
Arizona,Greenlee,2023-07-20 21:37:29,2023,29
Arizona,Yavapai,2023-07-18 02:12:14,2023,29
Arizona,Yavapai,2023-04-07 23:08:00,2023,14
Arizona,Yavapai,2023-07-18 02:20:00,2023,29
Arizona,Yavapai,2023-06-25 09:07:06,2023,26
Arizona,Pima,2023-06-23 19:00:37,2023,25
Arizona,Apache,2023-09-08 22:13:00,2023,36
Arizona,Mohave,2023-07-21 01:08:00,2023,29
Arizona,Coconino,2023-07-27 21:02:17,2023,30
Arizona,Apache,2023-07-22 22:06:19,2023,29
Arizona,Maricopa,2023-07-22 23:16:44,2023,29
Arizona,Maricopa,2023-07-15 18:18:00,2023,28
Arizona,Pima,2023-07-26 21:29:00,2023,30
Arizona,Pima,2023-08-28 19:47:00,2023,35
Arizona,Coconino,2023-07-10 21:33:00,2023,28
Arizona,Yavapai,2023-07-31 22:52:49,2023,31
Arizona,Coconino,2023-08-01 00:08:15,2023,31
Arizona,Apache,2023-08-01 00:08:23,2023,31
Arizona,Gila,2023-07-24 00:54:00,2023,30
Arizona,Gila,2023-07-24 01:09:06,2023,30
Arizona,Navajo,2023-07-23 21:17:00,2023,30
Arizona,Gila,2023-07-05 21:17:00,2023,27
Arizona,Gila,2023-07-24 22:10:28,2023,30
Arizona,Navajo,2023-07-28 20:58:18,2023,30
Arizona,Cochise,2023-08-18 01:05:00,2023,33
Arizona,Cochise,2023-08-18 01:34:57,2023,33
Arizona,Cochise,2023-08-08 21:31:00,2023,32
Arizona,Gila,2023-09-09 20:42:14,2023,36
Arizona,Gila,2023-09-15 22:59:28,2023,37
Arizona,Mohave,2023-09-09 22:40:00,2023,36
Arizona,Santa Cruz,2023-08-25 20:21:00,2023,34
Arizona,Yavapai,2023-08-14 13:05:38,2023,33
Arizona,Mohave,2023-07-21 01:15:00,2023,29
Arizona,Gila,2023-09-14 21:03:22,2023,37
Arizona,Pima,2023-08-07 23:51:00,2023,32
Arizona,Cochise,2023-07-18 21:07:00,2023,29
Arizona,Cochise,2023-06-27 16:18:00,2023,26
Arizona,Cochise,2023-06-04 20:42:02,2023,23
Arizona,Cochise,2023-04-28 21:45:00,2023,17
Arizona,Cochise,2023-05-07 20:47:00,2023,19
Arizona,Maricopa,2023-10-08 18:43:29,2023,41
Arizona,Pima,2023-09-13 17:29:00,2023,37
Arizona,Graham,2023-07-27 19:03:36,2023,30
Arizona,Maricopa,2023-10-29 16:34:00,2023,44
Arizona,Mohave,2023-08-13 18:22:00,2023,33
Arizona,Pima,2023-09-07 19:21:00,2023,36
Arizona,Mohave,2023-03-30 21:30:00,2023,13
Arizona,Graham,2023-08-18 01:27:24,2023,33
Arizona,Graham,2023-07-13 19:38:00,2023,28
Arizona,Graham,2023-07-25 17:29:00,2023,30
Arizona,Gila,2023-07-22 00:58:00,2023,29
Arizona,Gila,2023-07-15 19:05:59,2023,28
Arizona,Gila,2023-08-06 18:00:00,2023,32
Arizona,Gila,2023-07-23 00:29:00,2023,30
Arizona,Gila,2023-08-05 19:55:12,2023,31
Arizona,Gila,2023-07-22 01:11:00,2023,29
Arizona,Gila,2023-07-22 23:26:00,2023,29
Arizona,Gila,2023-09-17 22:17:12,2023,38
Arizona,Mohave,2023-10-08 18:24:00,2023,41
Arizona,Coconino,2023-07-24 22:18:00,2023,30
Arizona,Navajo,2023-06-21 16:05:00,2023,25
Arizona,Coconino,2023-08-01 21:26:32,2023,31
Arizona,Coconino,2023-09-16 20:34:14,2023,37
Arizona,Coconino,2023-05-21 21:37:30,2023,21
Arizona,Navajo,2023-07-24 19:37:37,2023,30
Arizona,Coconino,2023-08-01 20:28:15,2023,31
Arizona,Coconino,2023-09-30 22:00:00,2023,39
Arizona,Coconino,2023-08-10 22:26:25,2023,32
Arizona,Coconino,2023-06-06 17:01:57,2023,23
Arizona,Navajo,2023-07-08 00:47:00,2023,27
Arizona,Coconino,2023-06-19 20:34:04,2023,25
Arizona,Apache,2023-09-04 21:57:00,2023,36
Arizona,Navajo,2023-10-11 21:02:09,2023,41
Arizona,Greenlee,2023-07-27 21:37:00,2023,30
Arizona,Greenlee,2023-07-27 22:24:00,2023,30
Arizona,Greenlee,2023-07-12 21:47:41,2023,28
Arizona,Apache,2023-07-10 22:13:14,2023,28
Arizona,Coconino,2023-07-19 17:07:00,2023,29
Arizona,Coconino,2023-09-04 20:09:29,2023,36
Arizona,Pinal,2023-11-13 01:35:19,2023,46
Arizona,Pinal,2023-11-03 16:52:01,2023,44
Arizona,Graham,2023-07-22 02:07:20,2023,29
Arizona,Graham,2023-07-29 23:39:00,2023,30
Arizona,Graham,2023-05-03 01:00:55,2023,18
Arizona,Graham,2023-07-12 23:18:00,2023,28
Arizona,Greenlee,2023-07-19 23:28:44,2023,29
Arizona,Pima,2023-07-11 23:38:00,2023,28
Arizona,Graham,2023-07-13 00:35:02,2023,28
Arizona,Graham,2023-07-18 22:56:13,2023,29
Arizona,Cochise,2023-07-02 05:00:00,2023,27
Arizona,Cochise,2023-06-15 14:04:47,2023,24
Arizona,Cochise,2023-09-12 00:20:00,2023,37
Arizona,Graham,2023-07-21 15:14:51,2023,29
Arizona,Graham,2023-07-14 03:05:01,2023,28
Arizona,Cochise,2023-07-29 19:47:00,2023,30
Arizona,Mohave,2023-07-24 21:20:32,2023,30
Arizona,Mohave,2023-07-18 19:27:00,2023,29
Arizona,Mohave,2023-07-26 20:18:00,2023,30
Arizona,Mohave,2023-07-30 18:35:55,2023,31
Arizona,Coconino,2023-07-28 23:08:43,2023,30
Arizona,Coconino,2023-07-30 00:22:00,2023,31
Arizona,Pima,2023-02-07 23:58:00,2023,6
Arizona,Pinal,2023-07-23 00:07:00,2023,30
Arizona,Pinal,2023-07-27 21:13:46,2023,30
Arizona,Cochise,2023-09-12 18:28:38,2023,37
Arizona,Cochise,2023-04-24 21:45:00,2023,17
Arizona,Mohave,2023-11-03 19:37:00,2023,44
Arizona,Graham,2023-07-29 23:10:11,2023,30
Arizona,Yavapai,2023-07-21 22:48:00,2023,29
Arizona,Yavapai,2023-07-23 19:46:00,2023,30
Arizona,Gila,2023-08-06 21:12:00,2023,32
Arizona,Gila,2023-08-17 18:41:00,2023,33
Arizona,Gila,2023-09-11 19:38:53,2023,37
Arizona,Gila,2023-08-18 00:16:51,2023,33
Arizona,Gila,2023-08-17 00:29:00,2023,33
Arizona,Gila,2023-09-02 19:08:02,2023,35
Arizona,Gila,2023-07-05 04:15:00,2023,27
Arizona,Yavapai,2023-05-21 22:24:00,2023,21
Arizona,Apache,2023-10-19 21:46:29,2023,42
Arizona,Coconino,2023-05-23 22:38:46,2023,21
Arizona,Coconino,2023-05-22 22:30:00,2023,21
Arizona,Maricopa,2023-11-12 02:36:00,2023,46
Arizona,Coconino,2023-09-14 13:32:00,2023,37
Arizona,Coconino,2023-07-26 21:47:00,2023,30
Arizona,Coconino,2023-09-18 23:10:00,2023,38
Arizona,Gila,2023-07-27 04:04:00,2023,30
Arizona,Pinal,2023-11-03 21:25:47,2023,44
Arizona,Gila,2023-08-22 00:09:08,2023,34
Arizona,Gila,2023-08-13 19:14:40,2023,33
Arizona,Pinal,2023-08-20 21:37:23,2023,34
Arizona,Coconino,2023-07-26 23:07:00,2023,30
Arizona,Coconino,2023-06-04 20:49:00,2023,23
Arizona,Coconino,2023-06-05 01:08:00,2023,23
Arizona,Coconino,2023-11-05 21:47:42,2023,45
Arizona,Coconino,2023-07-24 23:46:00,2023,30
Arizona,Coconino,2023-07-03 21:06:00,2023,27
Arizona,Coconino,2023-08-04 19:21:07,2023,31
Arizona,Gila,2023-08-17 00:03:40,2023,33
Arizona,Mohave,2023-11-05 16:21:00,2023,45
Arizona,Coconino,2023-11-15 18:26:14,2023,46
Arizona,Coconino,2023-10-28 19:10:00,2023,43
Arizona,Coconino,2023-06-16 23:06:00,2023,24
Arizona,Pima,2023-05-02 18:03:06,2023,18
Arizona,Pima,2023-05-22 21:25:09,2023,21
Arizona,Cochise,2023-10-24 19:19:01,2023,43
Arizona,Greenlee,2023-10-26 18:48:45,2023,43
Arizona,Yavapai,2023-12-18 08:29:00,2023,51
Arizona,Mohave,2023-08-16 01:58:39,2023,33
Arizona,Cochise,2023-04-20 19:19:00,2023,16
Arizona,Pima,2023-12-17 23:36:30,2023,51
Arizona,Yavapai,2023-12-17 15:23:15,2023,51
Arizona,Apache,2023-06-21 00:36:00,2023,25
Arizona,Apache,2023-06-19 19:45:00,2023,25
Arizona,Apache,2024-02-28 23:42:07,2024,61
Arizona,Apache,2023-07-19 00:38:00,2023,29
Arizona,Maricopa,2023-12-10 19:09:00,2023,50
Arizona,Greenlee,2023-10-22 18:25:08,2023,43
Arizona,Coconino,2023-07-22 21:56:00,2023,29
Arizona,Coconino,2023-11-05 20:35:31,2023,45
Arizona,Coconino,2023-07-25 02:39:00,2023,30
Arizona,Coconino,2023-08-31 22:52:23,2023,35
Arizona,Santa Cruz,2024-03-18 20:33:00,2024,64
Arizona,Cochise,2024-03-04 02:38:58,2024,62
Arizona,Pima,2023-06-25 19:22:26,2023,26
Arizona,Pima,2023-05-22 18:18:00,2023,21
Arizona,Pima,2023-06-25 21:10:03,2023,26
Arizona,Pima,2023-02-04 17:56:00,2023,5
Arizona,Coconino,2024-03-03 18:47:00,2024,62
Arizona,Pima,2023-08-29 00:38:00,2023,35
Arizona,Pima,2023-05-03 14:44:09,2023,18
Arizona,Yavapai,2024-03-05 20:02:00,2024,62
Arizona,Mohave,2024-04-26 19:49:52,2024,69
Arizona,Yavapai,2024-02-21 18:30:54,2024,60
Arizona,Pinal,2024-04-14 19:36:00,2024,68
Arizona,Cochise,2024-04-19 22:09:33,2024,68
Arizona,Cochise,2024-04-19 22:38:00,2024,68
Arizona,Maricopa,2024-05-05 21:17:10,2024,71
Arizona,Maricopa,2024-04-28 19:22:00,2024,70
Arizona,Gila,2024-05-10 17:47:00,2024,71
Arizona,Yavapai,2024-05-09 21:40:15,2024,71
Arizona,Coconino,2024-04-11 20:01:10,2024,67
Arizona,Maricopa,2024-05-04 18:35:10,2024,70
Arizona,Maricopa,2024-05-14 04:24:12,2024,72
Arizona,Navajo,2024-02-21 21:28:02,2024,60
Arizona,Pinal,2024-05-13 19:00:00,2024,72
Arizona,Pinal,2024-04-25 23:08:01,2024,69
Arizona,Maricopa,2024-05-11 22:44:58,2024,71
Arizona,Pinal,2024-05-03 18:10:22,2024,70
Arizona,Graham,2024-05-23 16:25:00,2024,73
Arizona,Gila,2024-05-13 05:10:56,2024,72
Arizona,Graham,2024-05-11 22:35:51,2024,71
Arizona,Graham,2024-05-19 05:07:29,2024,73
Arizona,Gila,2024-05-18 23:24:00,2024,72
Arizona,Gila,2024-05-14 20:13:43,2024,72
Arizona,Gila,2024-03-30 19:23:49,2024,65
Arizona,Apache,2024-05-09 22:17:00,2024,71
Arizona,Pinal,2024-05-19 19:06:13,2024,73
Arizona,Maricopa,2024-05-27 17:16:26,2024,74
Arizona,Maricopa,2024-05-28 01:09:09,2024,74
Arizona,Coconino,2024-06-06 14:42:00,2024,75
Arizona,Gila,2024-05-30 23:20:00,2024,74
Arizona,Gila,2024-05-31 01:02:59,2024,74
Arizona,Maricopa,2024-06-04 17:46:06,2024,75
Arizona,Maricopa,2024-06-03 19:25:51,2024,75
Arizona,Pinal,2024-04-28 20:18:55,2024,70
Arizona,Pinal,2024-06-01 20:07:49,2024,74
Arizona,Pinal,2024-05-21 15:07:38,2024,73
Arizona,Pinal,2024-04-13 00:53:37,2024,67
Arizona,Pinal,2024-04-13 00:27:48,2024,67
Arizona,Pinal,2024-05-07 22:23:00,2024,71
Arizona,Pinal,2024-04-30 17:19:03,2024,70
Arizona,Pinal,2024-04-28 23:38:30,2024,70
Arizona,Pinal,2024-05-10 00:12:05,2024,71
Arizona,Pinal,2024-04-12 21:48:00,2024,67
Arizona,Pinal,2024-05-01 11:55:53,2024,70
Arizona,Pinal,2024-05-13 00:18:00,2024,72
Arizona,Pinal,2024-04-09 01:43:49,2024,67
Arizona,Pinal,2024-05-01 08:56:23,2024,70
Arizona,Pinal,2024-05-15 04:17:00,2024,72
Arizona,Pinal,2024-05-17 20:34:39,2024,72
Arizona,Pinal,2024-05-16 21:31:12,2024,72
Arizona,Pinal,2024-05-12 20:31:26,2024,72
Arizona,Maricopa,2024-06-01 18:46:45,2024,74
Arizona,Gila,2024-05-14 00:57:06,2024,72
Arizona,Mohave,2024-05-19 02:47:15,2024,73
Arizona,Gila,2024-06-17 10:30:33,2024,77
Arizona,Apache,2024-06-07 19:28:48,2024,75
Arizona,Gila,2024-05-03 03:32:24,2024,70
Arizona,Gila,2024-04-17 01:45:00,2024,68
Arizona,Gila,2024-06-11 00:21:43,2024,76
Arizona,Gila,2024-05-01 18:42:41,2024,70
Arizona,Gila,2024-06-08 19:32:58,2024,75
Arizona,Gila,2024-05-02 03:24:15,2024,70
Arizona,Pinal,2024-05-23 01:00:00,2024,73
Arizona,Maricopa,2024-05-13 16:05:00,2024,72
Arizona,Gila,2024-04-24 04:53:01,2024,69
Arizona,Gila,2024-05-05 04:07:53,2024,71
Arizona,Pinal,2024-06-19 16:31:14,2024,77
Arizona,Cochise,2024-05-31 21:26:00,2024,74
Arizona,Pinal,2024-05-28 02:34:00,2024,74
Arizona,Pinal,2024-05-26 20:36:48,2024,74
Arizona,Pinal,2024-05-23 21:14:46,2024,73
Arizona,Pinal,2024-05-19 15:21:24,2024,73
Arizona,Pinal,2024-05-29 16:53:00,2024,74
Arizona,Pinal,2024-05-24 00:06:00,2024,73
Arizona,Cochise,2024-05-28 21:37:27,2024,74
Arizona,Maricopa,2024-06-27 21:23:00,2024,78
Arizona,Coconino,2024-02-26 17:25:00,2024,61
Arizona,Coconino,2024-05-29 18:38:31,2024,74
Arizona,Maricopa,2024-06-24 06:35:11,2024,78
Arizona,Gila,2024-07-02 19:48:45,2024,79
Arizona,Graham,2024-06-25 23:34:54,2024,78
Arizona,Graham,2024-06-22 23:26:39,2024,77
Arizona,Gila,2024-07-05 03:36:30,2024,79
Arizona,Maricopa,2024-02-05 16:21:05,2024,58
Arizona,Maricopa,2024-01-28 22:11:00,2024,57
Arizona,Coconino,2024-04-16 21:07:29,2024,68
Arizona,Mohave,2024-07-04 18:25:00,2024,79
Arizona,Yavapai,2024-02-20 15:10:00,2024,60
Arizona,Yuma,2024-05-25 21:08:00,2024,73
Arizona,Gila,2024-07-11 05:02:00,2024,80
Arizona,Graham,2024-07-10 19:23:38,2024,80
Arizona,Maricopa,2024-06-03 00:07:00,2024,75
Arizona,Yavapai,2024-06-24 23:14:00,2024,78
Arizona,Yavapai,2024-06-24 22:15:00,2024,78
Arizona,Apache,2024-07-03 22:18:00,2024,79
Arizona,Yavapai,2024-07-19 22:21:39,2024,81
Arizona,Maricopa,2024-06-27 03:46:46,2024,78
Arizona,Graham,2024-07-20 22:21:01,2024,81
Arizona,Gila,2024-07-20 22:44:24,2024,81
Arizona,Graham,2024-04-11 23:35:51,2024,67
Arizona,Mohave,2024-07-23 00:36:48,2024,82
Arizona,Pinal,2024-06-12 03:49:09,2024,76
Arizona,Coconino,2024-04-29 16:40:00,2024,70
Arizona,Pinal,2024-06-13 17:10:06,2024,76
Arizona,Graham,2024-07-26 22:49:39,2024,82
Arizona,Gila,2024-07-26 23:12:42,2024,82
Arizona,Graham,2024-07-27 23:29:27,2024,82
Arizona,Mohave,2024-06-14 18:16:59,2024,76
Arizona,Mohave,2024-07-17 01:21:57,2024,81
Arizona,Mohave,2024-06-24 02:46:46,2024,78
Arizona,Mohave,2024-06-26 18:55:25,2024,78
Arizona,Yuma,2024-07-02 13:32:00,2024,79
Arizona,Yuma,2024-06-29 18:09:00,2024,78
Arizona,Gila,2024-06-08 18:56:00,2024,75
Arizona,Apache,2024-06-07 23:44:00,2024,75
Arizona,Apache,2024-06-12 19:08:54,2024,76
Arizona,Maricopa,2024-08-04 23:28:42,2024,84
Arizona,Apache,2024-07-05 19:08:50,2024,79
Arizona,Pinal,2024-07-26 01:02:05,2024,82
Arizona,Maricopa,2024-08-02 09:18:43,2024,83
Arizona,Cochise,2024-07-10 02:37:41,2024,80
Arizona,Pinal,2024-07-24 23:52:43,2024,82
Arizona,Maricopa,2024-08-04 23:13:27,2024,84
Arizona,Maricopa,2024-08-10 03:02:00,2024,84
Arizona,Maricopa,2024-07-26 02:22:00,2024,82
Arizona,Yuma,2024-05-19 05:46:13,2024,73
Arizona,Mohave,2024-07-22 18:00:00,2024,82
Arizona,Gila,2024-07-19 21:51:00,2024,81
Arizona,Pima,2024-07-20 00:43:00,2024,81
Arizona,Yavapai,2024-08-05 00:11:00,2024,84
Arizona,Maricopa,2024-07-12 02:43:00,2024,80
Arizona,Pima,2024-08-04 21:30:20,2024,84
Arizona,Pima,2024-07-11 23:06:09,2024,80
Arizona,Mohave,2024-08-11 01:03:32,2024,85
Arizona,Mohave,2024-08-05 20:01:00,2024,84
Arizona,Maricopa,2024-05-12 01:20:00,2024,72
Arizona,Maricopa,2024-05-09 21:49:12,2024,71
Arizona,Maricopa,2024-05-17 00:32:00,2024,72
Arizona,Maricopa,2024-05-02 21:50:00,2024,70
Arizona,Maricopa,2024-06-12 23:10:00,2024,76
Arizona,Navajo,2024-07-07 17:57:42,2024,80
Arizona,Maricopa,2024-05-06 21:35:49,2024,71
Arizona,Navajo,2024-07-07 20:20:47,2024,80
Arizona,Gila,2024-08-22 22:12:13,2024,86
Arizona,Gila,2024-08-30 20:59:05,2024,87
Arizona,Gila,2024-07-23 00:04:21,2024,82
Arizona,Maricopa,2024-09-01 01:10:00,2024,88
Arizona,Gila,2024-07-22 19:56:00,2024,82
Arizona,Maricopa,2024-09-03 15:04:00,2024,88
Arizona,Maricopa,2024-09-06 00:27:21,2024,88
Arizona,Gila,2024-07-19 23:02:32,2024,81
Arizona,Coconino,2024-08-09 20:43:34,2024,84
Arizona,Cochise,2024-09-06 20:17:24,2024,88
Arizona,La Paz,2024-07-19 21:24:00,2024,81
Arizona,Gila,2024-08-12 21:02:00,2024,85
Arizona,Coconino,2024-06-29 21:39:00,2024,78
Arizona,Coconino,2024-06-16 23:33:00,2024,77
Arizona,Gila,2024-08-16 23:38:33,2024,85
Arizona,Gila,2024-06-05 15:48:41,2024,75
Arizona,Gila,2024-07-06 20:44:00,2024,79
Arizona,Gila,2024-07-12 02:57:00,2024,80
Arizona,Gila,2024-08-05 17:40:00,2024,84
Arizona,Gila,2024-06-20 22:50:53,2024,77
Arizona,Gila,2024-08-02 21:36:56,2024,83
Arizona,Gila,2024-07-19 22:11:00,2024,81
Arizona,Gila,2024-06-24 21:03:58,2024,78
Arizona,Gila,2024-07-18 01:52:48,2024,81
Arizona,Yavapai,2024-07-17 21:52:43,2024,81
Arizona,Gila,2024-07-26 21:59:02,2024,82
Arizona,Gila,2024-08-04 19:14:00,2024,84
Arizona,Gila,2024-06-24 23:30:16,2024,78
Arizona,Gila,2024-07-26 00:00:47,2024,82
Arizona,Gila,2024-07-12 02:54:00,2024,80
Arizona,Gila,2024-07-25 22:19:00,2024,82
Arizona,Coconino,2024-07-24 03:25:00,2024,82
Arizona,Maricopa,2024-09-19 23:15:00,2024,90
Arizona,Coconino,2024-04-19 22:34:00,2024,68
Arizona,Maricopa,2024-08-16 16:03:00,2024,85
Arizona,Maricopa,2024-06-01 20:10:48,2024,74
Arizona,Pinal,2024-04-28 21:29:15,2024,70
Arizona,Mohave,2024-06-25 23:47:28,2024,78
Arizona,Coconino,2024-08-07 03:46:15,2024,84
Arizona,Coconino,2024-06-27 02:55:00,2024,78
Arizona,Coconino,2024-08-08 21:54:14,2024,84
Arizona,Mohave,2024-07-13 22:14:00,2024,80
Arizona,Maricopa,2024-09-09 15:07:29,2024,89
Arizona,Maricopa,2024-07-27 22:20:59,2024,82
Arizona,Yavapai,2024-08-09 20:25:08,2024,84
Arizona,Gila,2024-08-05 02:55:34,2024,84
Arizona,Yavapai,2024-08-30 21:58:38,2024,87
Arizona,Maricopa,2024-06-16 19:17:52,2024,77
Arizona,Maricopa,2024-05-05 23:09:00,2024,71
Arizona,Maricopa,2024-05-18 16:21:00,2024,72
Arizona,Yavapai,2024-07-20 17:46:13,2024,81
Arizona,Yavapai,2024-08-04 22:32:00,2024,84
Arizona,Maricopa,2024-07-26 01:04:09,2024,82
Arizona,Maricopa,2024-09-10 21:00:28,2024,89
Arizona,Mohave,2024-05-08 16:04:21,2024,71
Arizona,Mohave,2024-08-09 23:19:00,2024,84
Arizona,Coconino,2024-07-03 02:01:43,2024,79
Arizona,Greenlee,2024-05-22 06:44:00,2024,73
Arizona,Greenlee,2024-06-25 23:13:43,2024,78
Arizona,Mohave,2024-08-28 15:55:55,2024,87
Arizona,Mohave,2024-08-07 01:38:16,2024,84
Arizona,Mohave,2024-09-09 01:55:45,2024,89
Arizona,Yavapai,2024-08-03 22:07:00,2024,83
Arizona,Yavapai,2024-08-31 17:21:12,2024,87
Arizona,Pinal,2024-09-10 19:59:50,2024,89
Arizona,Cochise,2024-08-25 22:09:41,2024,87
Arizona,Coconino,2024-07-27 21:06:00,2024,82
Arizona,Gila,2024-07-22 23:05:20,2024,82
Arizona,Pinal,2024-09-01 20:07:00,2024,88
Arizona,Yavapai,2024-09-12 16:10:31,2024,89
Arizona,Graham,2024-07-29 22:21:00,2024,83
Arizona,Graham,2024-08-21 20:13:00,2024,86
Arizona,Mohave,2024-07-28 00:38:00,2024,83
Arizona,Mohave,2024-07-13 21:26:41,2024,80
Arizona,Coconino,2024-10-04 19:36:46,2024,92
Arizona,Apache,2024-10-01 17:12:54,2024,92
Arizona,Maricopa,2024-10-04 18:54:22,2024,92
Arizona,Maricopa,2024-10-13 21:07:46,2024,94
Arizona,Gila,2024-08-23 20:46:00,2024,86
Arizona,Gila,2024-08-23 22:10:59,2024,86
Arizona,Gila,2024-08-04 23:53:33,2024,84
Arizona,Gila,2024-08-10 01:50:00,2024,84
Arizona,Gila,2024-09-11 17:50:13,2024,89
Arizona,Gila,2024-09-02 07:16:47,2024,88
Arizona,Gila,2024-08-23 07:09:56,2024,86
Arizona,Cochise,2024-07-04 22:34:00,2024,79
Arizona,Gila,2024-08-04 00:43:00,2024,84
Arizona,Maricopa,2024-08-04 22:54:00,2024,84
Arizona,Maricopa,2024-10-20 19:35:43,2024,95
Arizona,Gila,2024-11-02 20:43:03,2024,96
Arizona,Graham,2024-01-19 18:00:26,2024,55
Arizona,Graham,2024-10-06 21:05:00,2024,93
Arizona,Coconino,2024-05-04 18:05:00,2024,70
Arizona,Greenlee,2024-10-22 21:03:07,2024,95
Arizona,Apache,2024-10-12 18:25:19,2024,93
Arizona,Gila,2024-07-26 23:30:04,2024,82
Arizona,Maricopa,2024-11-04 21:16:38,2024,97
Arizona,Maricopa,2024-11-07 14:49:13,2024,97
Arizona,Coconino,2024-07-08 19:31:00,2024,80
Arizona,Yavapai,2023-04-03 01:23:00,2023,14
Arizona,Maricopa,2024-11-08 23:54:55,2024,97
Arizona,Coconino,2024-10-11 21:25:18,2024,93
Arizona,Yavapai,2024-08-16 22:11:00,2024,85
Arizona,Gila,2024-09-26 22:48:59,2024,91
Arizona,Gila,2024-10-06 19:06:11,2024,93
Arizona,Yavapai,2024-07-26 23:27:33,2024,82
Arizona,Yavapai,2024-10-01 12:48:55,2024,92
Arizona,Yavapai,2024-05-27 20:34:49,2024,74
Arizona,Yavapai,2024-10-01 16:46:49,2024,92
Arizona,Yavapai,2024-08-28 19:32:00,2024,87
Arizona,Cochise,2024-11-16 18:50:41,2024,98
Arizona,Coconino,2024-09-21 17:45:55,2024,90
Arizona,Mohave,2024-10-21 08:01:00,2024,95
Arizona,Apache,2024-07-13 18:08:00,2024,80
Arizona,Greenlee,2024-06-14 20:17:55,2024,76
Arizona,Greenlee,2024-08-09 17:34:34,2024,84
Arizona,Greenlee,2024-07-12 19:11:13,2024,80
Arizona,Coconino,2024-08-14 20:43:00,2024,85
Arizona,Maricopa,2024-11-11 16:33:05,2024,98
Arizona,Coconino,2024-08-03 20:57:00,2024,83
Arizona,Coconino,2024-08-05 22:57:27,2024,84
Arizona,Coconino,2024-08-07 22:09:00,2024,84
Arizona,Coconino,2024-08-11 22:07:00,2024,85
Arizona,Coconino,2024-08-06 21:10:00,2024,84
Arizona,Mohave,2024-07-19 22:34:00,2024,81
Arizona,Gila,2024-10-12 21:31:08,2024,93
Arizona,Gila,2024-08-29 01:11:00,2024,87
Arizona,Gila,2024-08-29 14:01:42,2024,87
Arizona,Gila,2024-10-14 21:56:53,2024,94
Arizona,Maricopa,2024-11-22 01:32:03,2024,99
Arizona,Santa Cruz,2024-05-04 17:44:00,2024,70
Arizona,Pinal,2024-04-25 19:11:35,2024,69
Arizona,Gila,2024-10-09 18:48:39,2024,93
Arizona,Maricopa,2024-07-12 04:23:05,2024,80
Arizona,Navajo,2024-07-13 21:47:54,2024,80
Arizona,Navajo,2024-07-15 17:11:43,2024,81
Arizona,Yavapai,2024-07-20 00:04:18,2024,81
Arizona,Coconino,2024-11-10 22:45:06,2024,98
Arizona,Coconino,2024-07-15 14:50:00,2024,81
Arizona,Coconino,2024-10-25 14:16:58,2024,95
Arizona,Coconino,2024-07-27 22:38:36,2024,82
Arizona,Maricopa,2024-06-08 16:48:10,2024,75
Arizona,Coconino,2024-10-13 20:29:59,2024,94
Arizona,Coconino,2024-05-10 21:44:49,2024,71
Arizona,Yavapai,2024-10-23 21:54:00,2024,95
Arizona,Yavapai,2024-08-03 20:57:00,2024,83
Arizona,Yavapai,2024-08-31 22:00:00,2024,87
Arizona,Yavapai,2024-08-09 00:17:00,2024,84
Arizona,Yavapai,2024-10-08 20:52:13,2024,93
Arizona,Yuma,2024-10-12 00:04:00,2024,93
Arizona,Yavapai,2024-06-14 22:45:00,2024,76
Arizona,Yavapai,2024-07-06 22:45:26,2024,79
Arizona,Navajo,2024-08-09 21:02:00,2024,84
Arizona,Pinal,2024-12-08 19:53:51,2024,102
Arizona,Maricopa,2024-11-29 20:53:12,2024,100
Arizona,Maricopa,2024-11-16 02:00:00,2024,98
Arizona,Yavapai,2024-09-06 23:14:38,2024,88
Arizona,Maricopa,2024-09-23 22:04:47,2024,91
Arizona,Yavapai,2024-07-08 20:36:26,2024,80
Arizona,Yavapai,2024-05-27 02:11:19,2024,74
Arizona,Apache,2024-07-19 20:36:25,2024,81
Arizona,Pinal,2024-05-22 03:00:03,2024,73
Arizona,Greenlee,2024-07-19 00:48:52,2024,81
Arizona,Pinal,2024-06-01 15:38:00,2024,74
Arizona,Graham,2024-05-13 22:51:32,2024,72
Arizona,Pinal,2024-07-20 01:36:00,2024,81
Arizona,Graham,2024-07-19 00:32:00,2024,81
Arizona,Pinal,2024-05-29 00:23:00,2024,74
Arizona,Graham,2024-06-07 17:48:49,2024,75
Arizona,Gila,2024-07-20 04:41:00,2024,81
Arizona,Pinal,2024-06-03 00:46:00,2024,75
Arizona,Maricopa,2024-07-02 22:57:08,2024,79
Arizona,Maricopa,2024-06-05 01:13:47,2024,75
Arizona,Yavapai,2024-05-31 16:42:24,2024,74
Arizona,Navajo,2024-07-30 00:05:01,2024,83
Arizona,Yavapai,2024-11-11 21:39:00,2024,98
Arizona,Coconino,2024-12-12 23:04:33,2024,102
Arizona,Graham,2024-12-23 20:36:01,2024,104
Arizona,Cochise,2024-12-15 17:05:22,2024,103
Arizona,Coconino,2024-07-14 19:08:31,2024,81
Arizona,Yavapai,2024-12-15 18:30:00,2024,103
Arizona,Coconino,2024-12-05 22:04:20,2024,101
Arizona,Coconino,2023-11-04 12:11:56,2023,44
Arizona,Mohave,2024-08-05 01:57:12,2024,84
Arizona,Mohave,2024-08-31 21:20:31,2024,87
Arizona,Mohave,2024-07-18 01:07:00,2024,81
Arizona,Mohave,2024-07-15 01:00:00,2024,81
Arizona,Mohave,2024-06-04 23:26:05,2024,75
Arizona,Mohave,2024-08-18 13:18:17,2024,86
Arizona,Mohave,2024-07-13 20:36:56,2024,80
Arizona,Coconino,2024-12-30 17:17:42,2024,105
Arizona,La Paz,2024-06-05 15:09:00,2024,75
Arizona,Mohave,2024-07-19 19:35:50,2024,81
Arizona,Mohave,2024-08-17 19:18:43,2024,85
Arizona,Mohave,2024-07-23 17:49:47,2024,82
Arizona,Mohave,2024-08-05 00:56:00,2024,84
Arizona,Maricopa,2024-10-10 04:54:37,2024,93
Arizona,La Paz,2024-07-31 02:30:00,2024,83
Arizona,Mohave,2024-07-08 01:14:45,2024,80
Arizona,La Paz,2024-08-05 18:39:39,2024,84
Arizona,Pinal,2024-10-05 16:35:32,2024,92
Arizona,Coconino,2024-08-07 22:57:51,2024,84
Arizona,Coconino,2024-10-17 20:41:06,2024,94
Arizona,Coconino,2024-10-27 20:46:10,2024,96
Arizona,Coconino,2024-10-13 22:14:00,2024,94
Arizona,Coconino,2024-07-23 22:19:57,2024,82
Arizona,Coconino,2024-06-14 19:35:00,2024,76
Arizona,Coconino,2024-06-15 14:49:00,2024,76
Arizona,Coconino,2024-10-10 15:40:07,2024,93
Arizona,Coconino,2024-09-26 14:02:06,2024,91
Arizona,Gila,2024-07-21 01:07:07,2024,82
Arizona,Coconino,2024-04-17 19:40:28,2024,68
Arizona,Gila,2024-12-15 01:31:00,2024,103
Arizona,Maricopa,2024-04-29 21:08:12,2024,70
Arizona,Maricopa,2024-06-11 20:26:26,2024,76
Arizona,Maricopa,2024-06-07 01:51:18,2024,75
Arizona,Maricopa,2024-05-05 23:00:00,2024,71
Arizona,Pinal,2024-06-21 20:31:37,2024,77
